{
  "unit_id": "Nova-Mini",
  "pwm_addr": 64,
  "servos": {
    "base": {
      "ch": 0,
      "min": 500,
      "max": 2500,
      "rest": 1500
    },
    "shoulder": {
      "ch": 1,
      "min": 600,
      "max": 2400,
      "rest": 1500
    },
    "elbow": {
      "ch": 2,
      "min": 700,
      "max": 2300,
      "rest": 1500
    },
    "wrist": {
      "ch": 3,
      "min": 800,
      "max": 2200,
      "rest": 1500
    },
    "gripper": {
      "ch": 4,
      "min": 900,
      "max": 2100,
      "rest": 1800
    }
  },
  "actions": {
    "RESET": [
      {
        "base": "rest",
        "shoulder": "rest",
        "elbow": "rest",
        "wrist": "rest",
        "gripper": "rest"
      }
    ],
    "POINT": [
      {
        "shoulder": 1350,
        "elbow": 1650
      },
      {}
    ],
    "WAVE": [
      {
        "base": -75,
        "wrist": -75
      },
      {
        "base": 75,
        "wrist": 75
      },
      {
        "base": -75,
        "wrist": -75
      },
      {}
    ],
    "GRAB": [
      {
        "gripper": 1000
      }
    ],
    "DROP": [
      {
        "gripper": 2100
      },
      {
        "gripper": "rest"
      }
    ]
  }
}